id,prenom,nom,email,age,filiere
1,Lisetta,Seddon,lseddon0@miitbeian.gov.cn,21,Basic Industries
2,Grover,Jeske,gjeske1@berkeley.edu,20,n/a
3,Theresina,Staves,tstaves2@princeton.edu,21,Consumer Services
4,Dario,Colnett,dcolnett3@multiply.com,18,Basic Industries
5,Teddy,Celle,tcelle4@unc.edu,22,n/a
6,Orlan,Bartlet,obartlet5@economist.com,23,Consumer Services
7,Susan,O'Roan,soroan6@blogtalkradio.com,20,Transportation
8,Jarrid,Vsanelli,jvsanelli7@biblegateway.com,20,n/a
9,Seymour,Bittleson,sbittleson8@youtube.com,24,Health Care
10,Fletcher,Jelleman,fjelleman9@weather.com,25,Health Care
11,Abigail,MacGruer,amacgruera@telegraph.co.uk,25,Technology
12,Gerri,Scarlet,gscarletb@illinois.edu,19,Consumer Services
13,Amelina,Henrys,ahenrysc@twitter.com,19,n/a
14,Geneva,Trowill,gtrowilld@mail.ru,22,Health Care
15,Lonni,Drever,ldrevere@smugmug.com,22,Transportation
16,Briney,Collcott,bcollcottf@slashdot.org,19,Technology
17,Cece,Swalwel,cswalwelg@oaic.gov.au,18,Technology
18,Webster,Wanless,wwanlessh@google.co.jp,24,Consumer Non-Durables
19,Brandi,Connick,bconnicki@digg.com,22,Health Care
20,Gay,Bertholin,gbertholinj@google.cn,24,Finance
21,Caye,O' Markey,comarkeyk@soup.io,19,Public Utilities
22,Murry,Champ,mchampl@goodreads.com,20,Energy
23,Marj,Ausher,mausherm@techcrunch.com,24,Consumer Services
24,Odey,Hoyle,ohoylen@infoseek.co.jp,24,Consumer Services
25,Martyn,Addams,maddamso@tinypic.com,20,Finance
26,Jeff,Gertz,jgertzp@linkedin.com,24,Consumer Services
27,Harwilll,Miko,hmikoq@hibu.com,20,n/a
28,Stefano,Aykroyd,saykroydr@washington.edu,19,Capital Goods
29,April,Woodroofe,awoodroofes@linkedin.com,22,Finance
30,Coraline,Peschmann,cpeschmannt@friendfeed.com,21,Health Care
31,Sheffy,Bonsey,sbonseyu@instagram.com,18,n/a
32,Wilton,Haldane,whaldanev@bravesites.com,25,Public Utilities
33,Fan,Banbury,fbanburyw@newsvine.com,18,Health Care
34,Arv,Maulin,amaulinx@last.fm,25,Finance
35,Bone,Frisdick,bfrisdicky@geocities.com,24,Finance
36,Dottie,Yurov,dyurovz@techcrunch.com,25,Consumer Services
37,Karlen,Fleckness,kfleckness10@netvibes.com,21,Technology
38,Filippa,Dominetti,fdominetti11@mysql.com,20,Health Care
39,Lonnard,Dossett,ldossett12@tmall.com,22,Energy
40,Goldina,Lembcke,glembcke13@ycombinator.com,22,Finance
41,Ethelin,Shorter,eshorter14@dailymotion.com,20,Health Care
42,Marie-jeanne,Burnall,mburnall15@cdbaby.com,25,Capital Goods
43,Norah,Commusso,ncommusso16@godaddy.com,24,n/a
44,Desdemona,Danzelman,ddanzelman17@mediafire.com,20,n/a
45,Ania,Botger,abotger18@kickstarter.com,21,Consumer Non-Durables
46,Ashlin,Angood,aangood19@bbc.co.uk,24,Technology
47,Angele,Drury,adrury1a@cmu.edu,21,Finance
48,Roselin,Sandwick,rsandwick1b@sitemeter.com,24,n/a
49,Cam,Benardeau,cbenardeau1c@hao123.com,25,Consumer Services
50,Jilly,Justis,jjustis1d@edublogs.org,19,Consumer Services
51,Jodie,Burges,jburges1e@who.int,25,Miscellaneous
52,Edna,Lorimer,elorimer1f@paypal.com,25,Consumer Services
53,Clio,Kearney,ckearney1g@dagondesign.com,23,n/a
54,Gates,Shilton,gshilton1h@toplist.cz,24,Basic Industries
55,Salvador,Trowle,strowle1i@yolasite.com,24,Health Care
56,Aleda,Brabben,abrabben1j@ucla.edu,25,Consumer Non-Durables
57,Redford,Ogelsby,rogelsby1k@imdb.com,20,Health Care
58,Natividad,Grimsey,ngrimsey1l@aol.com,18,Health Care
59,Samantha,Pawfoot,spawfoot1m@chicagotribune.com,25,n/a
60,Catherine,Rolfo,crolfo1n@uol.com.br,21,Capital Goods
61,Moore,Piquard,mpiquard1o@shop-pro.jp,20,Health Care
62,Nicol,Parbrook,nparbrook1p@freewebs.com,18,n/a
63,Gustaf,Gallamore,ggallamore1q@nyu.edu,22,Health Care
64,Carolee,Coorington,ccoorington1r@tripadvisor.com,23,Health Care
65,Sofie,Leeson,sleeson1s@dmoz.org,22,Consumer Services
66,Maurine,Reeken,mreeken1t@newsvine.com,19,Health Care
67,Cort,McKeurtan,cmckeurtan1u@icq.com,23,Technology
68,Torrance,Manwell,tmanwell1v@china.com.cn,24,Technology
69,Jeanine,Sorby,jsorby1w@jiathis.com,23,n/a
70,Caresse,Battista,cbattista1x@t-online.de,25,Public Utilities
71,Fredrika,Kiln,fkiln1y@mail.ru,23,Consumer Services
72,Ogdan,Rustman,orustman1z@youtube.com,18,Finance
73,Bunny,Siggins,bsiggins20@ihg.com,24,Consumer Services
74,Abey,Gerding,agerding21@netlog.com,20,Consumer Services
75,Lynette,Bouskill,lbouskill22@hc360.com,23,n/a
76,Darb,Penrice,dpenrice23@domainmarket.com,23,n/a
77,Darlleen,Keelan,dkeelan24@hostgator.com,24,Public Utilities
78,Isidore,Vern,ivern25@miitbeian.gov.cn,22,Technology
79,Kial,Ransome,kransome26@unblog.fr,18,Finance
80,Barn,Mallall,bmallall27@princeton.edu,25,n/a
81,Jo-anne,Carstairs,jcarstairs28@noaa.gov,23,n/a
82,Dun,Pengilly,dpengilly29@smugmug.com,19,Finance
83,Edyth,Everard,eeverard2a@fotki.com,18,Miscellaneous
84,Delmore,Hollier,dhollier2b@blinklist.com,24,Energy
85,Shirline,Parsonson,sparsonson2c@paginegialle.it,20,Consumer Services
86,Valida,Adnam,vadnam2d@vk.com,21,n/a
87,Shermy,Creggan,screggan2e@usda.gov,25,Health Care
88,Portie,Mandrier,pmandrier2f@joomla.org,18,n/a
89,Chane,Howard,choward2g@xing.com,22,Consumer Services
90,Andromache,Shivlin,ashivlin2h@reuters.com,20,Consumer Durables
91,Karleen,Shayler,kshayler2i@t-online.de,21,Finance
92,Rob,Franzonetti,rfranzonetti2j@imdb.com,24,n/a
93,Kamila,Thomen,kthomen2k@nba.com,22,Technology
94,Delila,O'Doireidh,dodoireidh2l@friendfeed.com,25,Finance
95,Urson,Grist,ugrist2m@soup.io,23,Health Care
96,Etan,McFarland,emcfarland2n@ameblo.jp,19,n/a
97,Nannette,Hallstone,nhallstone2o@ow.ly,25,Capital Goods
98,Candie,Girkin,cgirkin2p@huffingtonpost.com,19,n/a
99,Valma,Kinge,vkinge2q@uol.com.br,21,Finance
100,Eliot,Bonin,ebonin2r@macromedia.com,20,Finance
101,Gardner,Hutcheons,ghutcheons2s@imageshack.us,23,Basic Industries
102,Bradly,Ibotson,bibotson2t@nba.com,22,n/a
103,Alleen,Chape,achape2u@123-reg.co.uk,18,Capital Goods
104,Jorry,Gommes,jgommes2v@rediff.com,23,n/a
105,Mercie,Deeprose,mdeeprose2w@friendfeed.com,23,Capital Goods
106,Nathanil,McPhelimy,nmcphelimy2x@nationalgeographic.com,22,Finance
107,Giffie,Duffield,gduffield2y@statcounter.com,24,Health Care
108,Larisa,Saturley,lsaturley2z@list-manage.com,23,Energy
109,Florry,Fair,ffair30@imgur.com,22,Finance
110,Dniren,Kalb,dkalb31@va.gov,21,Public Utilities
111,Arlana,Hazeltine,ahazeltine32@webeden.co.uk,23,Consumer Durables
112,Doe,Northey,dnorthey33@nymag.com,21,Consumer Non-Durables
113,Ursulina,Wagge,uwagge34@ucla.edu,22,Consumer Non-Durables
114,Vernon,Onians,vonians35@deviantart.com,18,n/a
115,Romeo,Erington,rerington36@goo.ne.jp,22,Energy
116,Maggi,Seide,mseide37@devhub.com,21,Health Care
117,Marget,Cowans,mcowans38@last.fm,25,Consumer Services
118,Moss,Scales,mscales39@livejournal.com,24,n/a
119,Leta,Canada,lcanada3a@archive.org,20,Finance
120,Marla,Gemmell,mgemmell3b@imageshack.us,18,Consumer Services
